{
    "country": "Greece",
    "mae": 0.029557306319475174,
    "rmse": 0.07550612839499622,
    "r2": 0.8391432762145996
}