{
    "country": "Ireland",
    "mae": 0.02605573460459709,
    "rmse": 0.06467089925478288,
    "r2": 0.8114970922470093
}