{
    "country": "Spain",
    "mae": 0.0459604412317276,
    "rmse": 0.08416933662077418,
    "r2": 0.6806932687759399
}